Платье Malta Monika, 165, /static/img/pict-holder.png;
Платье Larionoff, 570, /static/img/pict-holder.png;
Платье Larionoff, 570, /static/img/pict-holder.png;
Платье Larionoff, 570, /static/img/pict-holder.png;
Сарафан Larionoff, 570, /static/img/pict-holder.png;
Сарафан Larionoff, 570, /static/img/pict-holder.png;
Платье Larionoff, 570, /static/img/pict-holder.png;
Платье Larionoff, 570, /static/img/pict-holder.png;
Сарафан Larionoff, 570, /static/img/pict-holder.png;
Сарафан Larionoff, 525, /static/img/pict-holder.png;
Сарафан Larionoff, 585, /static/img/pict-holder.png;
Сарафан Larionoff, 570, /static/img/pict-holder.png;
Платье Алеся, 586, /static/img/pict-holder.png;
Платье Malta, 129, /static/img/pict-holder.png;
Платье Алеся, 786, /static/img/pict-holder.png;
Платье Алеся, 699, /static/img/pict-holder.png;
Платье Алеся, 749, /static/img/pict-holder.png;
Платье Алеся, 1249, /static/img/pict-holder.png;
Платье Алеся, 711, /static/img/pict-holder.png;
Платье Алеся, 786, /static/img/pict-holder.png;
Платье Алеся, 786, /static/img/pict-holder.png;
Платье Алеся, 786, /static/img/pict-holder.png;
Платье Алеся, 861, /static/img/pict-holder.png;
Платье Алеся, 699, /static/img/pict-holder.png;
Платье Malta Monika, 165, ;
Платье Larionoff, 570, ;
Платье Larionoff, 570, ;
Платье Larionoff, 570, ;
Сарафан Larionoff, 570, ;
Сарафан Larionoff, 570, ;
Платье Larionoff, 570, ;
Платье Larionoff, 570, ;
Сарафан Larionoff, 570, ;
Сарафан Larionoff, 525, ;
Сарафан Larionoff, 585, ;
Сарафан Larionoff, 570, ;
Платье Алеся, 586, ;
Платье Malta, 129, ;
Платье Алеся, 786, ;
Платье Алеся, 699, ;
Платье Алеся, 749, ;
Платье Алеся, 1249, ;
Платье Алеся, 711, ;
Платье Алеся, 786, ;
Платье Алеся, 786, ;
Платье Алеся, 786, ;
Платье Алеся, 861, ;
Платье Алеся, 699, ;
Платье Malta Monika, 165, /static/img/pict-holder.png;
Платье Larionoff, 570, /static/img/pict-holder.png;
Платье Larionoff, 570, /static/img/pict-holder.png;
Платье Larionoff, 570, /static/img/pict-holder.png;
Сарафан Larionoff, 570, /static/img/pict-holder.png;
Сарафан Larionoff, 570, /static/img/pict-holder.png;
Платье Larionoff, 570, /static/img/pict-holder.png;
Платье Larionoff, 570, /static/img/pict-holder.png;
Сарафан Larionoff, 570, /static/img/pict-holder.png;
Сарафан Larionoff, 525, /static/img/pict-holder.png;
Сарафан Larionoff, 585, /static/img/pict-holder.png;
Сарафан Larionoff, 570, /static/img/pict-holder.png;
Платье Алеся, 586, /static/img/pict-holder.png;
Платье Malta, 129, /static/img/pict-holder.png;
Платье Алеся, 786, /static/img/pict-holder.png;
Платье Алеся, 699, /static/img/pict-holder.png;
Платье Алеся, 749, /static/img/pict-holder.png;
Платье Алеся, 1249, /static/img/pict-holder.png;
Платье Алеся, 711, /static/img/pict-holder.png;
Платье Алеся, 786, /static/img/pict-holder.png;
Платье Алеся, 786, /static/img/pict-holder.png;
Платье Алеся, 786, /static/img/pict-holder.png;
Платье Алеся, 861, /static/img/pict-holder.png;
Платье Алеся, 699, /static/img/pict-holder.png;
Платье Malta Monika, 165, /static/img/pict-holder.png;
Платье Larionoff, 570, /static/img/pict-holder.png;
Платье Larionoff, 570, /static/img/pict-holder.png;
Платье Larionoff, 570, /static/img/pict-holder.png;
Сарафан Larionoff, 570, /static/img/pict-holder.png;
Сарафан Larionoff, 570, /static/img/pict-holder.png;
Платье Larionoff, 570, /static/img/pict-holder.png;
Платье Larionoff, 570, /static/img/pict-holder.png;
Сарафан Larionoff, 570, /static/img/pict-holder.png;
Сарафан Larionoff, 525, /static/img/pict-holder.png;
Сарафан Larionoff, 585, /static/img/pict-holder.png;
Сарафан Larionoff, 570, /static/img/pict-holder.png;
Платье Алеся, 586, /static/img/pict-holder.png;
Платье Malta, 129, /static/img/pict-holder.png;
Платье Алеся, 786, /static/img/pict-holder.png;
Платье Алеся, 699, /static/img/pict-holder.png;
Платье Алеся, 749, /static/img/pict-holder.png;
Платье Алеся, 1249, /static/img/pict-holder.png;
Платье Алеся, 711, /static/img/pict-holder.png;
Платье Алеся, 786, /static/img/pict-holder.png;
Платье Алеся, 786, /static/img/pict-holder.png;
Платье Алеся, 786, /static/img/pict-holder.png;
Платье Алеся, 861, /static/img/pict-holder.png;
Платье Алеся, 699, /static/img/pict-holder.png;
Платье Malta Monika, 165, ;
Платье Larionoff, 570, ;
Платье Larionoff, 570, ;
Платье Larionoff, 570, ;
Сарафан Larionoff, 570, ;
Сарафан Larionoff, 570, ;
Платье Larionoff, 570, ;
Платье Larionoff, 570, ;
Сарафан Larionoff, 570, ;
Сарафан Larionoff, 525, ;
Сарафан Larionoff, 585, ;
Сарафан Larionoff, 570, ;
Платье Алеся, 586, ;
Платье Malta, 129, ;
Платье Алеся, 786, ;
Платье Алеся, 699, ;
Платье Алеся, 749, ;
Платье Алеся, 1249, ;
Платье Алеся, 711, ;
Платье Алеся, 786, ;
Платье Алеся, 786, ;
Платье Алеся, 786, ;
Платье Алеся, 861, ;
Платье Алеся, 699, ;
Платье Malta Monika, 165, ;
Платье Larionoff, 570, ;
Платье Larionoff, 570, ;
Платье Larionoff, 570, ;
Сарафан Larionoff, 570, ;
Сарафан Larionoff, 570, ;
Платье Larionoff, 570, ;
Платье Larionoff, 570, ;
Сарафан Larionoff, 570, ;
Сарафан Larionoff, 525, ;
Сарафан Larionoff, 585, ;
Сарафан Larionoff, 570, ;
Платье Алеся, 586, ;
Платье Malta, 129, ;
Платье Алеся, 786, ;
Платье Алеся, 699, ;
Платье Алеся, 749, ;
Платье Алеся, 1249, ;
Платье Алеся, 711, ;
Платье Алеся, 786, ;
Платье Алеся, 786, ;
Платье Алеся, 786, ;
Платье Алеся, 861, ;
Платье Алеся, 699, ;
